7-ELEVEN #41682                                             ,7-Eleven                      ,"4011 HIGHWAY 6 N, Houston, TX",$2.479
SUNMART #196                                                ,Exxon                         ,"1520 BARKER CYPRESS RD, Houston, TX",$2.599
MURPHY USA #6717 (DISCOUNT AVAILABLE)                       ,Murphy Usa                    ,"4814 HIGHWAY 6 N, Houston                                 , TX",$2.619
TIMEWISE FOOD STORE #829                                    ,Timewise Food Store           ,"4255 HIGHWAY 6 N, Houston, TX",$2.629
IN AND OUT FOOD STORE                                       ,Unbranded                     ,"16640 KIETH HARROW BLVD, Houston                                 , TX",$2.659
THREE L                                                     ,Diamond Shamrock              ,"6495 BARKER CYPRESS RD, Houston                                 , TX",$2.659
TEXACO 0381207                                              ,Texaco                        ,"3730 BARKER CYPRESS RD, Houston, TX",$2.669
SUPER K FOOD MART                                           ,Unbranded                     ,"4302 HICKORY DOWNS DR, Houston                                 , TX",$2.699
CIRCLE K #3595                                              ,Circle K                      ,"3003 BARKER CYPRESS, Houston, TX",$2.699
CYPRESS FOOD MART                                           ,Conoco                        ,"5210 BARKER CYPRESS RD, Houston                                 , TX",$2.699
CIRCLE K #2349                                              ,Circle K                      ,"1893 BARKER CYPRESS RD, Houston, TX",$2.699
SPEEDY STOP #301                                            ,Speedy Stop                   ,"4981 HIGHWAY 6 N, Houston                                 , TX",$2.759
HANDI STOP 25                                               ,Handi Stop                    ,"17702 KIETH HARROW BLVD, Houston, TX",$2.759
ONE STOP DEERFIELD                                          ,Valero                        ,"18323 CLAY RD, Houston, TX",$2.799
CHEVRON                                                     ,Chevron                       ,"18324 CLAY RD, Houston                                 , TX",$2.799
CLAY MART EXPRESS                                           ,Unbranded                     ,"18691 CLAY RD, Houston, TX",$2.799
SAMS FOOD MART                                              ,Valero                        ,"15410 W LITTLE YORK RD, Houston                                 , TX",$2.799
SPEEDY STOP                                                 ,Chevron                       ,"6102 HIGHWAY 6 N, Houston, TX",$2.799
SHELL SERVICE STATION                                       ,Shell                         ,"16955 W LITTLE YORK RD, Houston                                 , TX",$2.799
CHEVRON #375010                                             ,Chevron                       ,"5418 BARKER CYPRESS, Houston, TX",$2.799
GREENHOUSE FOOD MART                                        ,Exxon                         ,"3207 GREENHOUSE RD, Houston                                 , TX",$2.799
SHELL,Shell                         ,"6285 BARKER CYPRESS RD, Houston                                 , TX",$2.799
SHELL                                                       ,Shell                         ,"19002 SAUMS RD, Houston, TX",$2.799
VALERO                                                      ,Valero                        ,"16630 CLAY RD, Houston                                 , TX",$2.819
SHELL                                                       ,Shell                         ,"2925 BARKER CYPRESS RD, Houston                                 , TX",$2.839
SUPER DUPER FOOD MART                                       ,76                            ,"17126 PINE FOREST LN, Houston, TX",$2.849
TEXACO #382497                                              ,Texaco                        ,"4974 HIGHWAY 6 N, Houston, TX",$2.859
HANDI STOP #136                                             ,Handi Stop                    ,"3010 BAKER CYPRESS R, Houston, TX",$2.859
NORTH STAR VALERO                                           ,Valero                        ,"BARKER CYPRESS  AND OLD GREENHOUSE RD, Houston, TX",$2.859
COURTESY MART                                               ,Phillips 66                   ,"5502 HIGHWAY 6 N, Houston                                 , TX",$2.899
CHEVRON                                                     ,Chevron                       ,"1635 BARKER CYPRESS RD, Houston, TX",$2.899
CHEVRON                                                     ,Chevron                       ,"17102 W LITTLE YORK RD, Houston                                 , TX",$2.899
MR EXPRESS                                                  ,Shell                         ,"1430 BARKER CYPRESS RD, Houston                                 , TX",$2.899
TEXACO #381654                                              ,Texaco                        ,"6925 LAKEVIEW HAVEN DR, Houston, TX",$2.939
CHEVRON                                                     ,Chevron                       ,"2404 GREENHOUSE RD, Houston, TX",$2.949
SHELL                                                       ,Shell                         ,"2850 FRY RD, Houston                                 , TX",$2.949
TEXACO                                                      ,Texaco                        ,"6309 BARKER CYPRESS RD, Houston                                 , TX",$2.999
GULF #445                                                   ,Gulf                          ,"3716 GREENHOUSE RD, Houston, TX",$2.659
KING FUELS                                                  ,Shell                         ,"5905 HIGHWAY 6 N, Houston                                 , TX",$2.899
AZTECA                                                      ,Unbranded                     ,"16503 CLAY RD, Houston, TX",
SAVE A STEP #3                                              ,Phillips 66                   ,"16500 CLAY RD, Houston                                 , TX",
H-E-B GAS STATION #553                                      ,H-E-B                         ,"4955 HIGHWAY 6 N, Houston                                 , TX",
SHELL                                                       ,Shell                         ,"1219 SR-6 N, Houston                                 , TX",
MURPHY USA #6904 (DISCOUNT AVAILABLE),Murphy Usa                    ,"6914 LAKEVIEW HAVEN DR, Houston                                 , TX",
H-E-B GAS STATION #492                                      ,H-E-B                         ,"1550 FRY RD, Houston                                 , TX",
COSTCO #0680                                                ,Costco                        ,"1150 BUNKER HILL RD, Houston                                 , TX",$2.579
AMIGOS FOOD MART                                            ,Unbranded                     ,"9405 LONG POINT RD, Houston                                 , TX",$2.599
TIMEWISE FOOD STORE #238,Timewise Food Store           ,"1632 S VOSS RD, Houston                                 , TX",$2.759
KROGER FUEL CENTER #7309 (DISCOUNT AVAILABLE)               ,Kroger                        ,"1801 S VOSS RD, Houston                                 , TX",$2.759
CIRCLE K #2742588,Corner Store                  ,"6333 SAN FELIPE ST, Houston                                 , TX",$2.759
CIRCLE K #0565                                              ,Circle K                      ,"901 BUNKER HILL RD, Houston, TX",$2.759
CIRCLE K #2334                                              ,Circle K                      ,"7802 WESTHEIMER RD, Houston, TX",$2.759
CIRCLE K #2392                                              ,Circle K                      ,"5838 WESTHEIMER RD, Houston, TX",$2.759
TEXACO,Texaco                        ,"1621 S VOSS RD, Houston                                 , TX",$2.789
TIMEWISE FOOD STORE #176,Timewise Food Store           ,"9303 KATY FWY, Houston                                 , TX",$2.799
TIMEWISE FOOD STORE #241                                    ,Timewise Food Store           ,"8525 KATY FWY, Houston, TX",$2.799
TIMEWISE FOOD STORE #839                                    ,Timewise Food Store           ,"8155 KATY FWY, Houston                                 , TX",$2.799
TIMEWISE FOOD STORE #312,Timewise Food Store           ,"8190 KATY FWY, Houston, TX",$2.799
BUY THE WAY                                                 ,Conoco                        ,"9342 WESTVIEW DR, Houston                                 , TX",$2.799
TIMEWISE FOOD STORE #151,Timewise Food Store           ,"9530 WESTHEIMER RD, Houston                                 , TX",$2.799
RANDALLS #2961                                              ,Randalls                      ,"9660 WESTHEIMER RD, Houston, TX",$2.799
7-ELEVEN 41336                                              ,7-Eleven                      ,"1439 BLALOCK RD, Houston, TX",$2.799
SHELL                                                       ,Shell                         ,"9503 WESTHEIMER RD, Houston                                 , TX",$2.859
SHELL                                                       ,Shell                         ,"1315 BLALOCK RD, Houston                                 , TX",$2.899
RICHMOND STOP                                               ,Chevron                       ,"8265 RICHMOND AVE, Houston                                 , TX",$2.899
CHEVRON                                                     ,Chevron                       ,"8605 MEMORIAL DR, Houston                                 , TX",$2.899
VALERO                                                      ,Valero                        ,"9366 LONG POINT RD, Houston, TX",$2.929
SAN FELIPE EXXON                                            ,Exxon                         ,"5902 SAN FELIPE ST, Houston                                 , TX",$2.999
LANDMARK INDUSTRIES                                         ,Texaco                        ,"3110 HILLCROFT ST, Houston                                 , TX",$2.999
SHELL,Shell                         ,"8602 MEMORIAL DR, Houston                                 , TX",$2.999
JACK VARCADOS                                               ,Shell                         ,"12490 MEMORIAL DR, Houston                                 , TX",$3.299
CHEVRON,Chevron                       ,"12860 MEMORIAL DR, Houston                                 , TX",$3.369
A AND A FOOD MART                                           ,Unbranded                     ,"8621 WESTHEIMER RD, Houston                                 , TX",$2.859
MISTER CAR WASH                                             ,Shell                         ,"2251 S VOSS RD, Houston, TX",
H-E-B GAS STATION #109                                      ,H-E-B                         ,"9710 KATY FWY, Houston                                 , TX",
7-ELEVEN #41336                                             ,7-Eleven                      ,"9393 LONGPOINT RD, Houston, TX",
STEP N GO,Unbranded                     ,"8602 RICHMOND AVE, Houston                                 , TX",
SUNMART #302                                                ,Gulf                          ,"2002 EMANCIPATION AVE, Houston, TX",$2.659
TIMEWISE FOOD STORE #317,Timewise Food Store           ,"511 LOCKWOOD DR, Houston                                 , TX",$2.699
FUEL DEPOT                                                  ,Fuel Depot                    ,"1514 WHITE OAK DR, Houston                                 , TX",$2.759
TIMEWISE FOOD STORE #173,Timewise Food Store           ,"1002 MONTROSE BLVD, Houston, TX",$2.759
HP #10                                                      ,Exxon                         ,"1003 STUDEMONT ST, Houston                                 , TX",$2.759
CIRCLE K #2148                                              ,Circle K                      ,"926 WESTHEIMER RD, Houston, TX",$2.759
CHEVRON #352450                                             ,Chevron                       ,"4615 SAN JACINTO ST, Houston                                 , TX",$2.759
CHEVRON                                                     ,Chevron                       ,"3306 NAVIGATION BLVD, Houston                                 , TX",$2.799
HANDI STOP 122                                              ,Exxon                         ,"2324 SCOTT ST, Houston, TX",$2.799
KROGER FUEL CENTER #7017 (DISCOUNT AVAILABLE)               ,Kroger                        ,"1440 STUDEMONT ST, Houston                                 , TX",$2.799
CHEVRON                                                     ,Chevron                       ,"922 W ALABAMA ST, Houston                                 , TX",$2.799
SHELL                                                       ,Shell                         ,"2819 QUITMAN ST, Houston                                 , TX",$2.799
STAR STOP FOOD MART #9                                      ,Star Stop Food Mart           ,"1010 W ALABAMA ST, Houston, TX",$2.799
STAR STOP #59                                               ,Exxon                         ,"2211 NORTH FWY, Houston                                 , TX",$2.799
CHEVRON #380985                                             ,Chevron                       ,"5001 HARRISBURG BLVD, Houston, TX",$2.799
SHELL                                                       ,Shell                         ,"1605 HOUSTON AVE, Houston, TX",$2.839
PRIMO FOOD MART                                             ,CITGO                         ,"1023 HOGAN ST, Houston                                 , TX",$2.859
CHEVRON,Chevron                       ,"2102 N MAIN ST, Houston                                 , TX",$2.859
CHECKOUT #65                                                ,Checkout                      ,"2802 WASHINGTON AVE, Houston, TX",$2.859
VALERO                                                      ,Valero                        ,"4910 POLK ST, Houston                                 , TX",$2.859
CHEVRON #108140                                             ,Chevron                       ,"3503 GULF FWY, Houston, TX",$2.899
LONE STAR PETROLEUM                                         ,Shell                         ,"3505 GULF FWY, Houston                                 , TX",$2.899
FUEL STOP CITGO                                             ,CITGO                         ,"2724 QUITMAN ST, Houston, TX",$2.899
CHEVRON                                                     ,Chevron                       ,"3506 ELGIN ST, Houston                                 , TX",$2.899
STUDEMONT SHELL,Shell                         ,"3423 KATY FWY, Houston                                 , TX",$2.959
CAR SPA #23                                                 ,Conoco                        ,"2801 BRAZOS ST, Houston                                 , TX",$2.999
MEMONA EXPRESS                                              ,Valero                        ,"3117 MAIN ST, Houston                                 , TX",$2.999
VALERO                                                      ,Valero                        ,"3326 CANAL ST, Houston                                 , TX",$2.999
CHEVRON                                                     ,Chevron                       ,"4919 MAIN ST, Houston                                 , TX",$2.999
BALL PARK                                                   ,76                            ,"2002 RUNNELS ST, Houston, TX",$3.099
ICEBOX #4166                                                ,Exxon                         ,"2350 PEASE ST, Houston, TX",$3.099
HEIGHTS FOOD MART,CITGO                         ,"130 HEIGHTS BLVD, Houston                                 , TX",$3.099
SHELL                                                       ,Shell                         ,"920 RICHMOND AVE, Houston                                 , TX",$3.099
ALL IN ONE FOOD                                             ,Valero                        ,"3606 IRVINGTON BLVD, Houston                                 , TX",$3.099
DOWNTOWN FOOD MART                                          ,Exxon                         ,"1818 HAMILTON ST, Houston                                 , TX",$3.199
TEXACO                                                      ,Texaco                        ,"2111 FANNIN ST, Houston, TX",$3.199
SHELL                                                       ,Shell                         ,"2100 HAMILTON ST, Houston, TX",$3.199
CHEVRON  #205455                                            ,Chevron                       ,"2222 LOUISIANA ST, Houston, TX",$3.199
CHEVRON #381225                                             ,Chevron                       ,"2323 WASHINGTON AVE, Houston, TX",$3.199
DUNLAVY MART,Texaco                        ,"916 DUNLAVY ST, Houston                                 , TX",$3.399
76                                                          ,76                            ,"2220 MAIN ST, Houston, TX",$3.699
GULF                                                        ,Gulf                          ,"3033 ELGIN ST, Houston                                 , TX",$2.599
FAS FOOD MART                                               ,Unbranded                     ,"4700 NAVIGATION BLVD, Houston                                 , TX",$2.759
WINNERS CORNER                                              ,CITGO                         ,"1025 ALABAMA ST, Houston, TX",$2.859
RITESTOP MART                                               ,Valero                        ,"2003 PEASE ST, Houston, TX",
MIKES ALL STOP                                              ,Unbranded                     ,"3720 HARRISBURG BLVD, Houston, TX",
LONE STAR PETROLEUM,CITGO                         ,"4102 ALMEDA RD, Houston                                 , TX",
Metro Express ,Unbranded                     ,"315 S LOCKWOOD DR, Houston                                 , TX",
TIMEWISE FOOD STORE #824                                    ,Timewise Food Store           ,"17906 TOMBALL PKWY, Houston, TX",$2.599
SPEEDO GAS FOOD STORE                                       ,CITGO                         ,"16350 STUEBNER AIRLINE RD, Spring, TX",$2.659
7-ELEVEN #36579                                             ,7-Eleven                      ,"18555 TOMBALL PKWY, Houston, TX",$2.659
PARADISE VALLEY FOOD MART,Conoco                        ,"5822 FM 1960 RD W, Houston                                 , TX",$2.699
TIMEWISE FOOD STORE #219,Timewise Food Store           ,"5103 FM 1960 RD W, Houston                                 , TX",$2.699
SPEEDY STOP #305                                            ,Speedy Stop                   ,"4502 FM 1960 RD W, Houston, TX",$2.699
QMART #7                                                    ,Phillips 66                   ,"4450 FM 1960 RD W, Houston                                 , TX",$2.699
TIMEWISE FOOD STORE #291,Timewise Food Store           ,"9641 CYPRESSWOOD DR, Houston                                 , TX",$2.699
TIMEWISE FOOD STORE #051                                    ,Timewise Food Store           ,"6944 CYPRESSWOOD DR, Spring                                  , TX",$2.699
TIMEWISE FOOD STORE #289                                    ,Timewise Food Store           ,"8253 LOUETTA RD, Spring                                  , TX",$2.699
HOPPER FOOD MART                                            ,Valero                        ,"12672 VETERANS MEMORIAL DR, Houston                                 , TX",$2.719
FUEL MAXX #35                                               ,Fuel Maxx                     ,"12025 CUTTEN ROAD, Houston, TX",$2.759
MOBIL                                                       ,Mobil                         ,"13202 CUTTEN ROAD, Houston, TX",$2.799
CHECKOUT #47                                                ,Checkout                      ,"6951 FM 1960 RD W, Houston, TX",$2.799
EXXON                                                       ,Exxon                         ,"13306 BAMMEL NORTH HOUSTON RD, Houston                                 , TX",$2.799
POLAR EXPRESS 2                                             ,Valero                        ,"12311 BAMMEL NORTH HOUSTON RD, Houston, TX",$2.849
CUTTEN ROAD SHELL                                           ,Shell                         ,"12455 CUTTEN RD, Houston, TX",$2.859
FUEL MAXX # 33                                              ,Fuel Maxx                     ,"6203 BOURGEOIS ROAD, Houston, TX",$2.859
CUTTEN FOOD MART                                            ,Valero                        ,"11602 CUTTEN RD, Houston, TX",$2.859
CHEVRON                                                     ,Chevron                       ,"15920 STUEBNER AIRLINE RD, Spring                                  , TX",$2.899
LOUETTA FOOD MART                                           ,Valero                        ,"9203 LOUETTA RD, Spring                                  , TX",$2.899
CHEVRON 0377021                                             ,Chevron                       ,"9610 LOUETTA RD, Spring                                  , TX",$2.899
XTRAA MILE #11                                              ,Valero                        ,"14856 STUEBNER AIRLINE RD, Houston                                 , TX",$2.959
AZ FOOD STORE                                               ,Gulf                          ,"16811 THEISS MAIL ROUTE RD, Spring                                  , TX",$2.839
FOUNTAINHEAD FOOD STORE                                     ,Unbranded                     ,"13626 VETERANS MEMORIAL DR, Houston, TX",
D J FOOD STORE                                              ,Unbranded                     ,"13201 VETERANS MEMORIAL DR, Houston                                 , TX",
PIC N GO                                                    ,Valero                        ,"13602 SCHROEDER RD, Houston, TX",
EZ FOOD STORE,Unbranded                     ,"14648 WALTERS RD, Houston, TX",
H-E-B GAS STATION #576                                     ,H-E-B                         ,"7308 LOUETTA RD, Spring                                  , TX",
WALTERS SHELL                                               ,Shell                         ,"3675 FM 1960 RD W, Houston, TX",
MURPHY USA #6856 (DISCOUNT AVAILABLE),Murphy Usa                    ,"3500 FM 1960 RD W, Houston                                 , TX",
TEXACO,Texaco                        ,"14317 WALTERS RD, Houston                                 , TX",
SHOP N GO                                                   ,Unbranded                     ,"7800 ALMEDA RD, Houston                                 , TX",$2.659
MEDICAL CENTER SHELL                                        ,Shell                         ,"2302 W HOLCOMBE BLVD, Houston                                 , TX",$2.699
JOHNNY QUIK FOOD MART                                       ,Unbranded                     ,"3161 OLD SPANISH TRL, Houston                                 , TX",$2.699
ALMEDA FOOD & FUEL                                          ,Exxon                         ,"7500 ALMEDA RD, Houston                                 , TX",$2.759
CIRCLE K #2567                                              ,Circle K                      ,"9365 S MAIN ST, Houston, TX",$2.759
TIMEWISE FOOD STORE #075                                    ,Timewise Food Store           ,"9805 S MAIN ST, Houston                                 , TX",$2.759
CIRCLE K #2090                                              ,Circle K                      ,"8301 KNIGHT RD, Houston, TX",$2.799
HANDI STOP #100                                             ,Handi Stop                    ,"1620 S LOOP W, Houston, TX",$2.799
STAR STOP FOOD MART #8                                      ,Star Stop Food Mart           ,"8610 ALMEDA RD, Houston, TX",$2.799
KROGER FUEL CENTER (DISCOUNT AVAILABLE),Kroger                        ,"7747 KIRBY DR, Houston                                 , TX",$2.799
CHEVRON                                                     ,Chevron                       ,"3215 SOUTH LOOP W, Houston                                 , TX",$2.799
EXXON                                                       ,Exxon                         ,"2665 REED RD, Houston, TX",$2.799
REED MART                                                   ,Valero                        ,"2800 REED RD, Houston                                 , TX",$2.799
FUEL EXPRESS                                                ,Exxon                         ,"7555 SCOTT ST, Houston                                 , TX",$2.799
TEXACO                                                      ,Texaco                        ,"3902 BELLFORT ST, Houston                                 , TX",$2.799
COME AND GO FOOD STORE                                      ,Texaco                        ,"7140 SCOTT ST, Houston                                 , TX",$2.799
DEL RIO FOOD MART                                           ,CITGO                         ,"3402 OLD SPANISH TRL, Houston                                 , TX",$2.799
CHEVRON                                                     ,Chevron                       ,"8550 ALMEDA RD, Houston                                 , TX",$2.899
CHEVRON                                                     ,Chevron                       ,"2705 REED RD, Houston                                 , TX",$2.899
BUSY BEE                                                    ,Mobil                         ,"3354 OLD SPANISH TRL, Houston                                 , TX",$2.899
CHEVRON                                                     ,Chevron                       ,"3365 OLD SPANISH TRL, Houston                                 , TX",$2.899
SAMS MART 3                                                 ,Valero                        ,"9605 STELLA LINK RD, Houston                                 , TX",$2.899
SUNNYS FOOD STORE                                           ,Unbranded                     ,"9715 STELLA LINK RD, Houston                                 , TX",$2.899
BRAESWOOD SHELL                                             ,Shell                         ,"8521 STELLA LINK RD, Houston                                 , TX",$2.899
BEST SUPER DRIVE INN                                        ,Shell                         ,"9954 STELLA LINK RD, Houston                                 , TX",$2.899
STELLA LINK VALERO                                          ,Valero                        ,"8430 STELLA LINK RD, Houston                                 , TX",$2.899
SOUTH MAIN FOOD MART                                        ,Exxon                         ,"9200 MAIN ST, Houston                                 , TX",$2.959
MED CENTER CITGO                                            ,CITGO                         ,"2802 OLD SPANISH TRL, Houston                                 , TX",$2.959
TEXACO                                                      ,Texaco                        ,"9598 S MAIN ST, Houston                                 , TX",$2.959
FIRST STOP FOOD STORE                                       ,Valero                        ,"9230 BUFFALO SPEEDWAY, Houston, TX",$2.959
SHELL,Shell                         ,"2540 W HOLCOMBE BLVD, Houston                                 , TX",$3.059
CHEVRON                                                     ,Chevron                       ,"2424 OLD SPANISH TRL, Houston                                 , TX",$3.099
SHELL                                                       ,Shell                         ,"6019 ALMEDA RD, Houston                                 , TX",$3.099
SHELL                                                       ,Shell                         ,"3250 OLD SPANISH TRL, Houston, TX",$3.149
EXXON                                                       ,Exxon                         ,"6625 SCOTT ST, Houston                                 , TX",$2.759
SOUTH LOOP CITGO,CITGO                         ,"3839 SOUTH LOOP E, Houston                                 , TX",$2.799
GULF                                                        ,Gulf                          ,"3300 YELLOWSTONE BLVD, Houston                                 , TX",$2.949
GULF #139                                                   ,Gulf                          ,"3200 HOLCOMBE BLVD, Houston, TX",
FUEL DEPOT #23                                              ,Fuel Depot                    ,"7120 SCOTT ST, Houston, TX",
PHILLIPS 66                                                 ,Phillips 66                   ,"9202 ROSEHAVEN DR, Houston                                 , TX",
STRIPES #1084                                               ,Stripes                       ,"4300 OLD SPANISH TRL, Houston                                 , TX",$2.459
OST FOOD MART                                               ,Valero                        ,"4303 OLD SPANISH TRL, Houston, TX",$2.659
SHOP N GO                                                   ,Unbranded                     ,"7800 ALMEDA RD, Houston                                 , TX",$2.659
CIRCLE K #2742314,Corner Store                  ,"4707 GULF FWY, Houston                                 , TX",$2.659
JOHNNY QUIK FOOD MART                                       ,Unbranded                     ,"3161 OLD SPANISH TRL, Houston                                 , TX",$2.699
FAST TRACK FUEL                                             ,Unbranded                     ,"4901 GRIGGS RD, Houston                                 , TX",$2.749
ALMEDA FOOD & FUEL                                          ,Exxon                         ,"7500 ALMEDA RD, Houston                                 , TX",$2.759
CIRCLE K #2629                                              ,Circle K                      ,"6142 LONG DR, Houston, TX",$2.759
OST FOOD MART,Unbranded                     ,"4529 OLD SPANISH TRL, Houston, TX",$2.799
DEL RIO FOOD MART                                           ,CITGO                         ,"3402 OLD SPANISH TRL, Houston                                 , TX",$2.799
COME AND GO FOOD STORE                                      ,Texaco                        ,"7140 SCOTT ST, Houston                                 , TX",$2.799
STAR STOP 28                                                ,Exxon                         ,"7410 CULLEN BLVD, Houston, TX",$2.799
FUEL EXPRESS                                                ,Exxon                         ,"7555 SCOTT ST, Houston                                 , TX",$2.799
STRIPES #1004                                               ,Stripes                       ,"2329 SOUTHMORE BLVD, Houston                                 , TX",$2.799
LEES ONE STOP                                               ,CITGO                         ,"6120 SOUTH LOOP E, Houston, TX",$2.799
SHELL,Shell                         ,"6141 SOUTH LOOP E, Houston                                 , TX",$2.799
STAR STOP #60                                               ,Exxon                         ,"2111 SOUTHMORE BLVD, Houston                                 , TX",$2.799
COASTAL GAS MART                                            ,Valero                        ,"5203 ALMEDA RD, Houston                                 , TX",$2.799
STRIPES #1002                                               ,Stripes                       ,"6155 SOUTH LOOP E, Houston, TX",$2.799
TEXACO                                                      ,Texaco                        ,"3902 BELLFORT ST, Houston                                 , TX",$2.799
HANDI STOP 122                                              ,Exxon                         ,"2324 SCOTT ST, Houston, TX",$2.799
24 SEVEN #20                                                ,Mobil                         ,"7121 CULLEN BLVD, Houston, TX",$2.849
A MART,Valero                        ,"6500 MARTIN LUTHER KING JR BLVD, Houston                                 , TX",$2.859
SHELL,Shell                         ,"8037 MARTIN LUTHER KING JR BLVD, Houston                                 , TX",$2.859
24 SEVEN #21                                                ,Exxon                         ,"3901 OLD SPANISH TRL, Houston, TX",$2.899
CHEVRON                                                     ,Chevron                       ,"3365 OLD SPANISH TRL, Houston                                 , TX",$2.899
BUSY BEE                                                    ,Mobil                         ,"3354 OLD SPANISH TRL, Houston                                 , TX",$2.899
24 SEVEN #6                                                 ,Exxon                         ,"4702 SCOTT ST, Houston                                 , TX",$2.899
CULLEN SHELL                                                ,Shell                         ,"7401 CULLEN BLVD, Houston                                 , TX",$2.899
CHEVRON 0380266                                             ,Chevron                       ,"6850 MARTIN LUTHER KING BLVD, Houston, TX",$2.899
CHEVRON                                                     ,Chevron                       ,"3506 ELGIN ST, Houston                                 , TX",$2.899
SCOTT N GRIGGS                                              ,Valero                        ,"5820 SCOTT ST, Houston                                 , TX",$2.949
MLK FOOD STORE                                              ,76                            ,"5820 MARTIN LUTHER KING JR BLVD, Houston, TX",$2.949
SHELL SERVICE STATION,Shell                         ,"N MCREGOR AND SCOTT, Houston, TX",$2.959
MED CENTER CITGO                                            ,CITGO                         ,"2802 OLD SPANISH TRL, Houston                                 , TX",$2.959
SHELL                                                       ,Shell                         ,"6019 ALMEDA RD, Houston                                 , TX",$3.099
CHEVRON                                                     ,Chevron                       ,"2424 OLD SPANISH TRL, Houston                                 , TX",$3.099
KING MART                                                   ,Chevron                       ,"5800 ALMEDA RD, Houston                                 , TX",$3.099
SHELL                                                       ,Shell                         ,"3250 OLD SPANISH TRL, Houston, TX",$3.149
GULF #151                                                   ,Gulf                          ,"6333 MARTIN LUTHER KING BLVD, Houston, TX",$2.599
GULF                                                        ,Gulf                          ,"3033 ELGIN ST, Houston                                 , TX",$2.599
EXXON                                                       ,Exxon                         ,"6625 SCOTT ST, Houston                                 , TX",$2.759
STICKER STOP XPRESS                                         ,Valero                        ,"6302 MARTIN LUTHER KING JR BLVD, Houston, TX",$2.799
SOUTH LOOP CITGO,CITGO                         ,"3839 SOUTH LOOP E, Houston                                 , TX",$2.799
GULF                                                        ,Gulf                          ,"3300 YELLOWSTONE BLVD, Houston                                 , TX",$2.949
OST FOOD MART                                               ,Unbranded                     ,"3821 OLD SPANISH TRL, Houston                                 , TX",
24 SEVEN #14                                                ,76                            ,"6626 CULLEN BLVD, Houston, TX",
GAS N GO                                                    ,CITGO                         ,"6643 CULLEN BLVD, Houston, TX",
GULF                                                        ,Gulf                          ,"6802 CULLEN BLVD, Houston                                 , TX",
24 SEVEN                                                    ,Shell                         ,"3755 N MACGREGOR WAY, Houston, TX",
OST FUEL                                                    ,CITGO                         ,"4620 OLD SPANISH TRL, Houston, TX",
FUEL DEPOT #23                                              ,Fuel Depot                    ,"7120 SCOTT ST, Houston, TX",
GULF #139                                                   ,Gulf                          ,"3200 HOLCOMBE BLVD, Houston, TX",
SUNMART 292                                                 ,Unbranded                     ,"6402 MYKAWA RD, Houston                                 , TX",
BELLFORT MART                                               ,Phillips 66                   ,"4811 BELLFORT ST, Houston                                 , TX",
SOUTH PARK FOOD STORE                                       ,Unbranded                     ,"7603 MARTIN LUTHER KING JR BLVD, Houston, TX",
VALERO                                                      ,Valero                        ,"10600 CULLEN BLVD, Houston                                 , TX",$2.659
TEXACO                                                      ,Texaco                        ,"12805 CULLEN BLVD, Houston                                 , TX",$2.699
PRIME EXPRESS #2                                            ,Unbranded                     ,"3555 AIRPORT BLVD, Houston, TX",$2.749
REED MART                                                   ,Valero                        ,"2800 REED RD, Houston                                 , TX",$2.799
EXXON                                                       ,Exxon                         ,"2665 REED RD, Houston, TX",$2.799
AM MINI MT 23                                               ,Valero                        ,"4110 AIRPORT BLVD, Houston                                 , TX",$2.799
TEXACO                                                      ,Texaco                        ,"3902 BELLFORT ST, Houston                                 , TX",$2.799
STAR STOP FOOD MART #8                                      ,Star Stop Food Mart           ,"8610 ALMEDA RD, Houston, TX",$2.799
FUEL EXPRESS                                                ,Exxon                         ,"7555 SCOTT ST, Houston                                 , TX",$2.799
HANDI STOP #100                                             ,Handi Stop                    ,"1620 S LOOP W, Houston, TX",$2.799
STAR STOP 28                                                ,Exxon                         ,"7410 CULLEN BLVD, Houston, TX",$2.799
CHEVRON 0382479                                             ,Chevron                       ,"3509 ALMEDA GENOA RD, Houston, TX",$2.799
CHEVRON                                                     ,Chevron                       ,"2705 REED RD, Houston                                 , TX",$2.899
CULLEN FOOD MART                                            ,Mobil                         ,"9607 CULLEN BLVD, Houston, TX",$2.899
CULLEN FOOD MART                                            ,Exxon                         ,"9421 CULLEN BLVD, Houston                                 , TX",$2.899
CHEVRON                                                     ,Chevron                       ,"12703 KIRBY DR, Houston, TX",$2.899
CHEVRON                                                     ,Chevron                       ,"8550 ALMEDA RD, Houston                                 , TX",$2.899
LANDMARK INDUSTRIES                                         ,Chevron                       ,"12202 ALMEDA RD, Houston                                 , TX",$2.899
CULLEN SHELL                                                ,Shell                         ,"7401 CULLEN BLVD, Houston                                 , TX",$2.899
SAVEWAY FOOD MART,CITGO                         ,"11555 CULLEN BLVD, Houston                                 , TX",$2.699
SOUTH LOOP CITGO,CITGO                         ,"3839 SOUTH LOOP E, Houston                                 , TX",$2.799
PHILLIPS 66                                                 ,Phillips 66                   ,"9202 ROSEHAVEN DR, Houston                                 , TX",
PRIME EXPRESS                                               ,Unbranded                     ,"10403 CULLEN BLVD, Houston, TX",
365 FUEL                                                    ,Unbranded                     ,"9323 CULLEN BLVD, Houston, TX",
BELLFORT MART                                               ,Phillips 66                   ,"4811 BELLFORT ST, Houston                                 , TX",
OREM FOOD MART                                              ,Unbranded                     ,"12310 CULLEN BLVD, Houston, TX",
ALMEDA FUELS,Unbranded                     ,"12317 ALMEDA RD, Houston                                 , TX",
COSTCO #1018                                                ,Costco                        ,"3836 RICHMOND AVE, Houston                                 , TX",$2.599
Circle K,Circle K                      ,"4439 BISSONNET ST, Bellaire                                , TX",$2.739
TIMEWISE FOOD STORE #209                                    ,Timewise Food Store           ,"5910 WEST LOOP S, Bellaire                                , TX",$2.739
CIRCLE K #2304                                              ,Circle K                      ,"5105 GULFTON ST, Houston, TX",$2.739
CIRCLE K #0526                                              ,Circle K                      ,"4101 BELLAIRE BLVD, Houston, TX",$2.739
TIMEWISE FOOD STORE #840                                    ,Timewise Food Store           ,"5702 WESTHEIMER RD, Houston                                 , TX",$2.759
CIRCLE K #2392                                              ,Circle K                      ,"5838 WESTHEIMER RD, Houston, TX",$2.759
CIRCLE K #2742344,Corner Store                  ,"3519 S SHEPHERD DR, Houston                                 , TX",$2.759
TIMEWISE FOOD STORE #849                                    ,Timewise Food Store           ,"2525 S SHEPHERD DR, Houston                                 , TX",$2.759
CIRCLE K #2347                                              ,Circle K                      ,"5802 MEMORIAL DR, Houston, TX",$2.759
CIRCLE K #2609                                              ,Circle K                      ,"5415 KIRBY DR, Houston, TX",$2.779
TIMEWISE FOOD STORE #172,Timewise Food Store           ,"2539 BISSONNET ST, Houston                                 , TX",$2.799
Elan Food Mart #5,Unbranded                     ,"3410 CHIMNEY ROCK RD, Houston, TX",$2.799
EXXON                                                       ,Exxon                         ,"6512 S RICE AVE, Bellaire                                , TX",$2.799
CHEVRON,Chevron                       ,"4002 SOUTHWEST FWY, Houston                                 , TX",$2.859
WESLAYAN C STORE                                            ,Exxon                         ,"4910 WESLAYAN ST, Houston                                 , TX",$2.859
TIMEWISE FOOD STORE #234,Timewise Food Store           ,"3939 SOUTHWEST FWY, Houston                                 , TX",$2.859
TIMEWISE FOOD STORE #265,Timewise Food Store           ,"2602 WEST LOOP S, Houston                                 , TX",$2.859
TIMEWISE FOOD STORE #842                                    ,Timewise Food Store           ,"3140 SOUTHWEST FWY, Houston                                 , TX",$2.859
TIMEWISE FOOD STORE #217                                    ,Timewise Food Store           ,"3936 KIRBY DR, Houston                                 , TX",$2.859
CHEVRON,Chevron                       ,"5660 WESTHEIMER RD, Houston                                 , TX",$2.859
TIMEWISE FOOD STORE #237                                    ,Timewise Food Store           ,"2525 SOUTHWEST FWY, Houston                                 , TX",$2.859
AMIGO MART                                                  ,Chevron                       ,"5410 CHIMNEY ROCK RD, Houston                                 , TX",$2.899
CHEVRON #213057                                             ,Chevron                       ,"2103 WESTHEIMER RD, Houston, TX",$2.899
COURTESY FOOD STORE                                         ,CITGO                         ,"5700 CHIMNEY ROCK RD, Houston, TX",$2.899
CHEVRON #382821                                             ,Chevron                       ,"6010 SOUTHWEST FREEWAY, Houston, TX",$2.899
CHEVRON                                                     ,Chevron                       ,"8605 MEMORIAL DR, Houston                                 , TX",$2.899
ROBERTS CAR CARE CENTER                                     ,Exxon                         ,"3802 WESTHEIMER RD, Houston                                 , TX",$2.969
CHEVRON #382156                                             ,Chevron                       ,"2602 RICHMOND AVE, Houston, TX",$2.999
SHELL                                                       ,Shell                         ,"3202 CHIMNEY ROCK RD, Houston                                 , TX",$2.999
SHELL                                                       ,Shell                         ,"5602 SOUTHWEST FWY, Houston                                 , TX",$2.999
CHIMNEY ROCK FOOD MART                                      ,Exxon                         ,"5601 SOUTHWEST FWY, Houston                                 , TX",$2.999
SHELL,Shell                         ,"3903 SAN FELIPE ST, Houston                                 , TX",$3.099
SHELL                                                       ,Shell                         ,"3141 SOUTHWEST FWY, Houston                                 , TX",$3.099
WOODWAY CAR CARE                                            ,Exxon                         ,"5139 WOODWAY DR, Houston, TX",$3.099
CHEVRON                                                     ,Chevron                       ,"4423 SAN FELIPE ST, Houston                                 , TX",$3.399
EKKO FUEL                                                   ,Valero                        ,"5216 RICHMOND AVE, Houston                                 , TX",$3.399
SHELL,Shell                         ,"5601 MEMORIAL DR, Houston                                 , TX",$3.399
SAMS CLUB #4769                                             ,Sams Club                     ,"5310 S RICE AVE, Houston                                 , TX",
SUPER K FOOD STORE                                          ,Unbranded                     ,"3362 FOUNTAIN VIEW DR, Houston                                 , TX",
VALERO                                                      ,Valero                        ,"10600 CULLEN BLVD, Houston                                 , TX",$2.659
PRIME EXPRESS #2                                            ,Unbranded                     ,"3555 AIRPORT BLVD, Houston, TX",$2.749
CHECKPOINT #109                                             ,Unbranded                     ,"6611 BELLFORT AVENUE, Houston, TX",$2.759
CIRCLE K #2629                                              ,Circle K                      ,"6142 LONG DR, Houston, TX",$2.759
MYKAWA CITGO                                                ,CITGO                         ,"7454 MYKAWA RD, Houston                                 , TX",$2.769
MLK VALERO                                                  ,Valero                        ,"8118 MARTIN LUTHER KING JR BLVD, Houston                                 , TX",$2.799
STAR STOP 28                                                ,Exxon                         ,"7410 CULLEN BLVD, Houston, TX",$2.799
TEXACO                                                      ,Texaco                        ,"3902 BELLFORT ST, Houston                                 , TX",$2.799
AM MINI MT 23                                               ,Valero                        ,"4110 AIRPORT BLVD, Houston                                 , TX",$2.799
SMITH FAMILY INTERES                                        ,Shell                         ,"6920 BELLFORT ST, Houston                                 , TX",$2.799
FUEL EXPRESS                                                ,Exxon                         ,"7555 SCOTT ST, Houston                                 , TX",$2.799
COME AND GO FOOD STORE                                      ,Texaco                        ,"7140 SCOTT ST, Houston                                 , TX",$2.799
LEES ONE STOP                                               ,CITGO                         ,"6120 SOUTH LOOP E, Houston, TX",$2.799
24 SEVEN #20                                                ,Mobil                         ,"7121 CULLEN BLVD, Houston, TX",$2.849
SHELL,Shell                         ,"8037 MARTIN LUTHER KING JR BLVD, Houston                                 , TX",$2.859
VALERO                                                      ,Valero                        ,"8601 MARTIN LUTHER KING JR BLVD, Houston, TX",$2.859
A MART,Valero                        ,"6500 MARTIN LUTHER KING JR BLVD, Houston                                 , TX",$2.859
CHEVRON 0380266                                             ,Chevron                       ,"6850 MARTIN LUTHER KING BLVD, Houston, TX",$2.899
CULLEN FOOD MART                                            ,Exxon                         ,"9421 CULLEN BLVD, Houston                                 , TX",$2.899
CULLEN FOOD MART                                            ,Mobil                         ,"9607 CULLEN BLVD, Houston, TX",$2.899
TEXACO                                                      ,Texaco                        ,"5454 AIRPORT BLVD, Houston                                 , TX",$2.899
CULLEN SHELL                                                ,Shell                         ,"7401 CULLEN BLVD, Houston                                 , TX",$2.899
MLK FUEL SERVICES                                           ,Exxon                         ,"11403 MARTIN LUTHER KING JR BLVD, Houston, TX",$2.899
MLK FOOD STORE                                              ,76                            ,"5820 MARTIN LUTHER KING JR BLVD, Houston, TX",$2.949
GULF #151                                                   ,Gulf                          ,"6333 MARTIN LUTHER KING BLVD, Houston, TX",$2.599
SAVEWAY FOOD MART,CITGO                         ,"11555 CULLEN BLVD, Houston                                 , TX",$2.699
EXXON                                                       ,Exxon                         ,"6625 SCOTT ST, Houston                                 , TX",$2.759
STICKER STOP XPRESS                                         ,Valero                        ,"6302 MARTIN LUTHER KING JR BLVD, Houston, TX",$2.799
SOUTH LOOP CITGO,CITGO                         ,"3839 SOUTH LOOP E, Houston                                 , TX",$2.799
REDI MART                                                   ,CITGO                         ,"8103 MARTIN LUTHER KING JR BLVD, Houston                                 , TX",
SOUTH PARK FOOD STORE                                       ,Unbranded                     ,"7603 MARTIN LUTHER KING JR BLVD, Houston, TX",
BELLFORT MART                                               ,Phillips 66                   ,"4811 BELLFORT ST, Houston                                 , TX",
365 FUEL                                                    ,Unbranded                     ,"9323 CULLEN BLVD, Houston, TX",
PRIME EXPRESS                                               ,Unbranded                     ,"10403 CULLEN BLVD, Houston, TX",
QUICK SHOP                                                  ,Unbranded                     ,"6902 BELLFORT ST, Houston, TX",
SUNMART 292                                                 ,Unbranded                     ,"6402 MYKAWA RD, Houston                                 , TX",
GULF                                                        ,Gulf                          ,"6802 CULLEN BLVD, Houston                                 , TX",
GAS N GO                                                    ,CITGO                         ,"6643 CULLEN BLVD, Houston, TX",
24 SEVEN #14                                                ,76                            ,"6626 CULLEN BLVD, Houston, TX",
PHILLIPS 66                                                 ,Phillips 66                   ,"9202 ROSEHAVEN DR, Houston                                 , TX",
FUEL DEPOT #23                                              ,Fuel Depot                    ,"7120 SCOTT ST, Houston, TX",
CIRCLE K #2304                                              ,Circle K                      ,"5105 GULFTON ST, Houston, TX",$2.739
TIMEWISE FOOD STORE #209                                    ,Timewise Food Store           ,"5910 WEST LOOP S, Bellaire                                , TX",$2.739
Circle K,Circle K                      ,"4439 BISSONNET ST, Bellaire                                , TX",$2.739
CIRCLE K #0526                                              ,Circle K                      ,"4101 BELLAIRE BLVD, Houston, TX",$2.739
Star Trac,Unbranded                     ,"7101 SOUTHWEST FWY, Houston, TX",$2.749
CITGO,CITGO                         ,"6345 WINDSWEPT LN, Houston, TX",$2.759
CIRCLE K #2392                                              ,Circle K                      ,"5838 WESTHEIMER RD, Houston, TX",$2.759
TIMEWISE FOOD STORE #840                                    ,Timewise Food Store           ,"5702 WESTHEIMER RD, Houston                                 , TX",$2.759
CIRCLE K #2399                                              ,Circle K                      ,"7100 BELLAIRE BLVD, Houston, TX",$2.759
PHILLIPS 66                                                 ,Phillips 66                   ,"8402 HILLCROFT ST, Houston                                 , TX",$2.759
TIMEWISE FOOD STORE #311,Timewise Food Store           ,"7171 SOUTHWEST FWY, Houston, TX",$2.759
CIRCLE K #2246                                              ,Circle K                      ,"6802 BISSONNET ST, Houston, TX",$2.759
CIRCLE K #2334                                              ,Circle K                      ,"7802 WESTHEIMER RD, Houston, TX",$2.759
SHELL,Shell                         ,"7402 FONDREN RD, Houston                                 , TX",$2.759
EXXON                                                       ,Exxon                         ,"6512 S RICE AVE, Bellaire                                , TX",$2.799
TIMEWISE FOOD STORE #152,Timewise Food Store           ,"6155 SOUTHWEST FWY, Houston                                 , TX",$2.799
Elan Food Mart #5,Unbranded                     ,"3410 CHIMNEY ROCK RD, Houston, TX",$2.799
VALERO STORE 2621                                           ,Valero                        ,"3635 HILLCROFT ST, Houston, TX",$2.799
CHEVRON #307041                                             ,Chevron                       ,"7802 HILLCROFT ST, Houston, TX",$2.799
DELTA FOOD EXXON                                            ,Exxon                         ,"5699 BEECHNUT ST, Houston                                 , TX",$2.799
CONOCO                                                      ,Conoco                        ,"5725 FONDREN RD, Houston                                 , TX",$2.799
HANDI STOP #54                                              ,Handi Stop                    ,"5726 FONDREN RD, Houston                                 , TX",$2.839
CHEVRON,Chevron                       ,"5660 WESTHEIMER RD, Houston                                 , TX",$2.859
Phillips 66,Phillips 66                   ,"4702 BEECHNUT ST, Houston, TX",$2.859
CHEVRON,Chevron                       ,"4680 BEECHNUT ST, Houston                                 , TX",$2.859
TIMEWISE FOOD STORE #265,Timewise Food Store           ,"2602 WEST LOOP S, Houston                                 , TX",$2.859
SHELL                                                       ,Shell                         ,"5803 FONDREN RD, Houston, TX",$2.859
WESLAYAN C STORE                                            ,Exxon                         ,"4910 WESLAYAN ST, Houston                                 , TX",$2.859
COURTESY FOOD STORE                                         ,CITGO                         ,"5700 CHIMNEY ROCK RD, Houston, TX",$2.899
ATWELL 66                                                   ,Phillips 66                   ,"5757 BELLAIRE BLVD, Houston                                 , TX",$2.899
AMIGO MART                                                  ,Chevron                       ,"5410 CHIMNEY ROCK RD, Houston                                 , TX",$2.899
CHEVRON,Chevron                       ,"5020 BELLAIRE BLVD, Bellaire                                , TX",$2.899
CHEVRON #382821                                             ,Chevron                       ,"6010 SOUTHWEST FREEWAY, Houston, TX",$2.899
RICHMOND STOP                                               ,Chevron                       ,"8265 RICHMOND AVE, Houston                                 , TX",$2.899
CHEVRON                                                     ,Chevron                       ,"3941 FONDREN RD, Houston, TX",$2.899
CHIMNEY ROCK FOOD MART                                      ,Exxon                         ,"5601 SOUTHWEST FWY, Houston                                 , TX",$2.999
HILLCROFT EXXON                                             ,Exxon                         ,"6475 HILLCROFT ST, Houston, TX",$2.999
SHELL                                                       ,Shell                         ,"5602 SOUTHWEST FWY, Houston                                 , TX",$2.999
TIMEWISE #2901                                              ,Texaco                        ,"6750 HILLCROFT ST, Houston                                 , TX",$2.999
SHELL                                                       ,Shell                         ,"6601 SOUTHWEST FWY, Houston                                 , TX",$2.999
SHELL                                                       ,Shell                         ,"3202 CHIMNEY ROCK RD, Houston                                 , TX",$2.999
CHEVRON,Chevron                       ,"6590 SOUTHWEST FWY, Houston                                 , TX",$2.999
LANDMARK INDUSTRIES                                         ,Texaco                        ,"3110 HILLCROFT ST, Houston                                 , TX",$2.999
SHELL,Shell                         ,"5270 BEECHNUT ST, Houston                                 , TX",$3.059
SHELL                                                       ,Shell                         ,"6100 BELLAIRE BLVD, Houston                                 , TX",$3.159
EKKO FUEL                                                   ,Valero                        ,"5216 RICHMOND AVE, Houston                                 , TX",$3.399
CITGO,CITGO                         ,"7050 SOUTHWEST FWY, Houston                                 , TX",$2.919
BEST STOP FOOD MARKET                                       ,Unbranded                     ,"5902 GULFTON ST, Houston                                 , TX",
HANDI STOP                                                  ,Unbranded                     ,"61161 GULFTON ST, Houston, TX",
BELLAIRE FOOD MART                                          ,Unbranded                     ,"5825 BELLAIRE BLVD, Houston                                 , TX",
SAMS CLUB #4769                                             ,Sams Club                     ,"5310 S RICE AVE, Houston                                 , TX",
SUPER K FOOD STORE                                          ,Unbranded                     ,"3362 FOUNTAIN VIEW DR, Houston                                 , TX",
MEYERLAND SERVICE                                           ,Conoco                        ,"5265 BEECHNUT ST, Houston                                 , TX",
STEP N GO FOOD STORE                                        ,Unbranded                     ,"7205 BELLERIVE DR, Houston                                 , TX",
YELLOW ,Shell                         ,"7199 SOUTHWEST FWY, Houston                                 , TX",
STEP N GO,Unbranded                     ,"8602 RICHMOND AVE, Houston                                 , TX",
MISTER CAR WASH                                             ,Shell                         ,"2251 S VOSS RD, Houston, TX",
POWERFUEL KWIK STOP                                         ,Unbranded                     ,"5715 FONDREN RD, Houston                                 , TX",
META FOOD MARKET                                            ,Unbranded                     ,"105 E ANDERSON RD, Houston                                 , TX",$2.659
SPACE FOOD MART                                             ,Unbranded                     ,"14024 ALMEDA RD, Houston, TX",$2.659
ALMEDA SWIFT MARKET,Swift                         ,"13740 ALMEDA RD, Houston, TX",$2.699
CHEVRON,Chevron                       ,"14120 S POST OAK RD, Houston                                 , TX",$2.699
ALMEDA GENOA FOODMART                                       ,CITGO                         ,"900 ALMEDA GENOA RD, Houston, TX",$2.749
TREK MARKET                                                 ,Unbranded                     ,"14151 HIRAM CLARKE RD, Houston, TX",$2.759
CHEVRON #371105                                             ,Chevron                       ,"3960 ANDERSON RD, Houston                                 , TX",$2.759
RELIANCE                                                    ,Unbranded                     ,"3420 W OREM DR, Houston, TX",$2.799
TRANCO                                                      ,Valero                        ,"13301 HIRAM CLARKE RD, Houston                                 , TX",$2.799
CHEVRON 0380014                                             ,Chevron                       ,"800 ALMEDA-GENOA RD, Houston, TX",$2.799
SHELL SERVICE STATION                                       ,Shell                         ,"13535 S POST OAK RD, Houston, TX",$2.799
CITGO QUIK MART                                             ,CITGO                         ,"12400 ALMEDA RD, Houston                                 , TX",$2.849
OREN MEAT MARKET                                            ,Mobil                         ,"4411 W OREM DR, Houston, TX",$2.859
76                                                          ,76                            ,"1102 ALMEDA GENOA RD, Houston, TX",$2.859
POST OAK VALERO                                             ,Valero                        ,"14508 S POST OAK RD, Houston                                 , TX",$2.859
LANDMARK INDUSTRIES                                         ,Chevron                       ,"12202 ALMEDA RD, Houston                                 , TX",$2.899
ALMEDA SHELL                                                ,Shell                         ,"13350 ALMEDA RD, Houston                                 , TX",$2.899
CHEVRON #382482                                             ,Chevron                       ,"12951 HIRAM CLARKE ROAD, Houston, TX",$2.899
CHEVRON                                                     ,Chevron                       ,"12703 KIRBY DR, Houston, TX",$2.899
TIGER FOOD MART                                             ,Shell                         ,"4616 W FUQUA ST, Houston                                 , TX",$2.899
SHELL                                                       ,Shell                         ,"13114 S POST OAK RD, Houston, TX",$2.899
SHELL                                                       ,Shell                         ,"11997 MAIN ST, Houston                                 , TX",$2.999
EAGLE MART                                                  ,Unbranded                     ,"12803 HIRAM CLARKE RD, Houston                                 , TX",$2.699
TEXACO,Texaco                        ,"5248 ALLUM RD, Houston                                 , TX",$2.699
HANDI STOP #136,Handi Stop                    ,"3655 W OREM DR, Houston                                 , TX",
ALMEDA FUELS,Unbranded                     ,"12317 ALMEDA RD, Houston                                 , TX",
FUQUA FOOD MART                                             ,Valero                        ,"3318 W FUQUA ST, Houston                                 , TX",
OREM CITGO,CITGO                         ,"4422 W OREM DR, Houston                                 , TX",
EAGLE MART #2                                               ,Unbranded                     ,"13334 CHISWICK RD, Houston                                 , TX",
7-ELEVEN                                                    ,7-Eleven                      ,"12912 S POST OAK RD, Houston, TX",
Handy Spot,Unbranded                     ,"13717 S POST OAK RD, Houston                                 , TX",
7-ELEVEN #39266                                             ,7-Eleven                      ,"6224 S FIGUEROA ST, Los Angeles, CA",$3.999
Metro Gas ,Unbranded                     ,"1010 W MARTIN LUTHER KING JR BLVD, Los Angeles                             , CA",$4.059
WORLD OIL #2                                                ,76                            ,"1101 E FLORENCE AVE, Los Angeles                             , CA",$4.059
7-ELEVEN                                                    ,7-Eleven                      ,"1302 E SLAUSON AVE, Los Angeles, CA",$4.099
SPEEDWAY EXPRESS #6175                                      ,Speedway                      ,"2581 E SLAUSON AVE, Huntington Park, CA",$4.099
7-ELEVEN #35639                                             ,7-Eleven                      ,"1800 E SLAUSON AVE, Los Angeles                             , CA",$4.159
SC FUEL                                                     ,Unbranded                     ,"1631 S ALAMEDA ST, Los Angeles, CA",$4.199
CIRCLE K #9440                                              ,Circle K                      ,"2620 S FIGUEROA ST, Los Angeles, CA",$4.199
76                                                          ,76                            ,"4442 AVALON BLVD, Los Angeles                             , CA",$4.219
VERNON FUEL (DISCOUNT AVAILABLE)                            ,Unbranded                     ,"4321 S ALAMEDA ST, Los Angeles                             , CA",$4.219
CHEVRON                                                     ,Chevron                       ,"4368 AVALON BLVD, Los Angeles, CA",$4.299
SHELL                                                       ,Shell                         ,"1541 S CENTRAL AVE, Los Angeles, CA",$4.299
SC FUELS VERNON                                             ,Unbranded                     ,"5415 S SANTA FE AVE, Los Angeles, CA",$4.299
UNION 76                                                    ,76                            ,"505 W VERNON AVE, Los Angeles                             , CA",$4.399
76                                                          ,76                            ,"2330 E SLAUSON AVE, Huntington Park                         , CA",$4.399
SHELL                                                       ,Shell                         ,"2400 E SLAUSON AVE, Huntington Park                         , CA",$4.399
SHELL                                                       ,Shell                         ,"1410 S SOTO ST, Los Angeles                             , CA",$4.399
SHELL                                                       ,Shell                         ,"1520 S SANTA FE AVE, Los Angeles                             , CA",$4.419
SHELL                                                       ,Shell                         ,"303 W FLORENCE AVE, Los Angeles                             , CA",$4.439
SHELL                                                       ,Shell                         ,"4403 S FIGUEROA ST, Los Angeles                             , CA",$4.459
7-ELEVEN #39384                                             ,7-Eleven                      ,"1800 E OLYMPIC BLVD, Los Angeles, CA",$4.459
CHEVRON,Chevron                       ,"6303 S FIGUEROA ST, Los Angeles                             , CA",$4.459
KYLE TRUCKSTOP                                              ,Shell                         ,"1400 S ALAMEDA ST, Los Angeles, CA",$4.479
CHEVRON #207669                                             ,ExtraMile                     ,"4000 S FIGUEROA ST, Los Angeles, CA",$4.499
CHEVRON #99003                                              ,ExtraMile                     ,"650 E WASHINGTON BLVD, Los Angeles, CA",$4.499
AHNS MOBIL                                                  ,Mobil                         ,"254 W SLAUSON AVE, Los Angeles, CA",$4.499
CHEVRON #309093                                             ,ExtraMile                     ,"6320 HOLMES AVE, Los Angeles, CA",$4.499
CHEVRON                                                     ,Chevron                       ,"1516 S MAIN ST, Los Angeles, CA",$4.499
CHEVRON #96606                                              ,ExtraMile                     ,"525 W WASHINGTON BLVD, Los Angeles, CA",$4.499
SHELL SERVICE STATION                                       ,Shell                         ,"1285 E VERNON AVE, Los Angeles                             , CA",$4.599
BROADWAY MOBIL                                              ,Mobil                         ,"315 W VERNON AVE, Los Angeles, CA",$4.599
SHELL                                                       ,Shell                         ,"1317 E WASHINGTON BLVD, Los Angeles                             , CA",$4.599
WASHINGTON MOBIL                                            ,Mobil                         ,"1690 S ALAMEDA ST, Los Angeles, CA",$4.599
SHELL,Shell                         ,"605 E FLORENCE AVE, Los Angeles                             , CA",$4.659
VALERO                                                      ,Valero                        ,"2603 S CENTRAL AVE, Los Angeles                             , CA",$4.799
AMERICAN GASOLINE,Unbranded                     ,"1404 W MARTIN LUTHER KING JR BLVD, Los Angeles                             , CA",$4.159
LA FUEL                                                     ,Unbranded                     ,"4424 S CENTRAL AVE, Los Angeles                             , CA",
FIG FUEL                                                    ,Unbranded                     ,"5820 S FIGUEROA ST, Los Angeles, CA",
ARCO                                                        ,ARCO                          ,"343 W GAGE AVE, Los Angeles, CA",
ARCO                                             ,ARCO                          ,"3031 E VERNON AVE, Los Angeles                             , CA",
ARCO                                             ,ARCO                          ,"3775 S VERMONT AVE, Los Angeles                             , CA",
GOLD STAR GAS,Unbranded                     ,"1100 W MARTIN LUTHER KING JR BLVD, Los Angeles                             , CA",
WORLD GAS                                                   ,World Oil                     ,"7201 S SAN PEDRO ST, Los Angeles                             , CA",
ARCO                                             ,ARCO                          ,"6400 SANTA FE AVE, Huntington Park                         , CA",
7 BAY FUEL STATION,Unbranded                     ,"930 S SANTA FE AVE, Los Angeles, CA",
WORLD OIL #13                                               ,World Oil                     ,"1935 E FLORENCE AVE, Los Angeles, CA",
ARCO                                                        ,ARCO                          ,"1355 W MARTIN LUTHER KING JR BLVD, Los Angeles                             , CA",
7-ELEVEN #39266                                             ,7-Eleven                      ,"6224 S FIGUEROA ST, Los Angeles, CA",$3.999
SINCLAIR                                                    ,Sinclair                      ,"2164 NADEAU ST, LOS ANGELES, CA",$4.039
VALERO                                                      ,Valero                        ,"615 W FLORENCE AVE, Los Angeles, CA",$4.039
WORLD OIL #2                                                ,76                            ,"1101 E FLORENCE AVE, Los Angeles                             , CA",$4.059
7-ELEVEN                                                    ,7-Eleven                      ,"1302 E SLAUSON AVE, Los Angeles, CA",$4.099
SPEEDWAY EXPRESS #6175                                      ,Speedway                      ,"2581 E SLAUSON AVE, Huntington Park, CA",$4.099
SPEEDWAY EXPRESS #6161                                      ,Speedway                      ,"9853 LONG BEACH BLVD, South Gate, CA",$4.099
7-ELEVEN #35639                                             ,7-Eleven                      ,"1800 E SLAUSON AVE, Los Angeles                             , CA",$4.159
CHEVRON #380779                                             ,Chevron                       ,"7831 S ALAMEDA ST, Los Angeles, CA",$4.179
MY GOODS MARKET #5607                                       ,My Goods Market               ,"8600 S FIGUEROA ST, Los Angeles, CA",$4.199
VERNON FUEL (DISCOUNT AVAILABLE)                            ,Unbranded                     ,"4321 S ALAMEDA ST, Los Angeles                             , CA",$4.219
76                                                          ,76                            ,"4442 AVALON BLVD, Los Angeles                             , CA",$4.219
NABILS MOBIL SERVICE                                        ,Mobil                         ,"3084 E GAGE AVE, Huntington Park                         , CA",$4.279
SC FUELS VERNON                                             ,Unbranded                     ,"5415 S SANTA FE AVE, Los Angeles, CA",$4.299
CHEVRON                                                     ,Chevron                       ,"4368 AVALON BLVD, Los Angeles, CA",$4.299
FLORENCE SHELL                                              ,Shell                         ,"2322 E FLORENCE AVE, Huntington Park                         , CA",$4.399
76                                                          ,76                            ,"2330 E SLAUSON AVE, Huntington Park                         , CA",$4.399
SHELL                                                       ,Shell                         ,"2400 E SLAUSON AVE, Huntington Park                         , CA",$4.399
G & M OIL #116                                              ,ExtraMile                     ,"3250 FIRESTONE BLVD, South Gate, CA",$4.399
SHELL                                                       ,Shell                         ,"303 W FLORENCE AVE, Los Angeles                             , CA",$4.439
CHEVRON,Chevron                       ,"6303 S FIGUEROA ST, Los Angeles                             , CA",$4.459
CHEVRON #309093                                             ,ExtraMile                     ,"6320 HOLMES AVE, Los Angeles, CA",$4.499
SHELL,Shell                         ,"1454 FIRESTONE BLVD, Los Angeles                             , CA",$4.499
76                                                          ,76                            ,"2702 FIRESTONE BLVD, South Gate                              , CA",$4.499
G & M OIL #79                                               ,G & M Food Mart               ,"256 E MANCHESTER AVE, Los Angeles                             , CA",$4.499
UNION 76                                                    ,76                            ,"3225 FIRESTONE BLVD, South Gate                              , CA",$4.499
AHNS MOBIL                                                  ,Mobil                         ,"254 W SLAUSON AVE, Los Angeles, CA",$4.499
CHEVRON                                                     ,Chevron                       ,"428 W FLORENCE AVE, Los Angeles                             , CA",$4.599
SHELL SERVICE STATION                                       ,Shell                         ,"1285 E VERNON AVE, Los Angeles                             , CA",$4.599
SHELL,Shell                         ,"605 E FLORENCE AVE, Los Angeles                             , CA",$4.659
SINCLAIR                                                    ,Sinclair                      ,"255 E MANCHESTER AVE, Los Angeles, CA",$4.299
WORLD OIL #13                                               ,World Oil                     ,"1935 E FLORENCE AVE, Los Angeles, CA",
LEES MOBIL                                                  ,Mobil                         ,"1502 FIRESTONE BLVD, Los Angeles, CA",
ARCO                                             ,ARCO                          ,"6400 SANTA FE AVE, Huntington Park                         , CA",
C STOP                                                      ,Unbranded                     ,"8440 LONG BEACH BLVD, South Gate, CA",
WORLD GAS                                                   ,World Oil                     ,"7201 S SAN PEDRO ST, Los Angeles                             , CA",
ARCO #42673                                                 ,ARCO                          ,"8904 LONG BEACH BLVD, South Gate, CA",
Arco,ARCO                          ,"9600 AVALON BLVD, Los Angeles                             , CA",
ARCO                                             ,ARCO                          ,"251 W MANCHESTER AVE, Los Angeles                             , CA",
ARCO                                                        ,ARCO                          ,"343 W GAGE AVE, Los Angeles, CA",
LA FUEL                                                     ,Unbranded                     ,"4424 S CENTRAL AVE, Los Angeles                             , CA",
ARCO                                             ,ARCO                          ,"3278 E SLAUSON AVE, Los Angeles                             , CA",
ARCO                                                        ,ARCO                          ,"8021 CALIFORNIA AVE, Huntington Park                         , CA",
FIG FUEL                                                    ,Unbranded                     ,"5820 S FIGUEROA ST, Los Angeles, CA",
SPEEDWAY EXPRESS #6175                                      ,Speedway                      ,"2581 E SLAUSON AVE, Huntington Park, CA",$4.099
RADA SINCLAIR                                               ,Sinclair                      ,"1060 S DITMAN AVE, Los Angeles, CA",$4.099
7-ELEVEN                                                    ,7-Eleven                      ,"1302 E SLAUSON AVE, Los Angeles, CA",$4.099
7-ELEVEN #35639                                             ,7-Eleven                      ,"1800 E SLAUSON AVE, Los Angeles                             , CA",$4.159
SPEEDWAY EXPRESS #4889                                      ,Speedway                      ,"3831 FLORENCE AVE, Bell Gardens, CA",$4.159
BANDINI TRUCK TERMINAL                                      ,Unbranded                     ,"3152 BANDINI BLVD, Los Angeles, CA",$4.199
SC FUEL                                                     ,Unbranded                     ,"1631 S ALAMEDA ST, Los Angeles, CA",$4.199
VERNON FUEL (DISCOUNT AVAILABLE)                            ,Unbranded                     ,"4321 S ALAMEDA ST, Los Angeles                             , CA",$4.219
KWIK SERV                                                   ,Kwik Serv                     ,"5700 ATLANTIC BLVD, Maywood, CA",$4.259
NABILS MOBIL SERVICE                                        ,Mobil                         ,"3084 E GAGE AVE, Huntington Park                         , CA",$4.279
SC FUELS VERNON                                             ,Unbranded                     ,"5415 S SANTA FE AVE, Los Angeles, CA",$4.299
76                                                          ,76                            ,"3915 E OLYMPIC BLVD, Los Angeles, CA",$4.349
GSE 76 SOTO                                                 ,76                            ,"1171 S SOTO ST, Los Angeles, CA",$4.359
76,76                            ,"4575 GAGE AVE, Bell Gardens, CA",$4.359
SHELL                                                       ,Shell                         ,"2400 E SLAUSON AVE, Huntington Park                         , CA",$4.399
76                                                          ,76                            ,"2330 E SLAUSON AVE, Huntington Park                         , CA",$4.399
SHELL                                                       ,Shell                         ,"1410 S SOTO ST, Los Angeles                             , CA",$4.399
CHEVRON #307176                                             ,ExtraMile                     ,"4535 SLAUSON AVE, Maywood, CA",$4.399
FLORENCE SHELL                                              ,Shell                         ,"2322 E FLORENCE AVE, Huntington Park                         , CA",$4.399
SHELL                                                       ,Shell                         ,"1520 S SANTA FE AVE, Los Angeles                             , CA",$4.419
EMILE MOBIL                                                 ,Mobil                         ,"1166 S SOTO ST, Los Angeles, CA",$4.439
Chevron #384977,Chevron                       ,"3154 E OLYMPIC BLVD, Los Angeles                             , CA",$4.459
7-ELEVEN #39384                                             ,7-Eleven                      ,"1800 E OLYMPIC BLVD, Los Angeles, CA",$4.459
KYLE TRUCKSTOP                                              ,Shell                         ,"1400 S ALAMEDA ST, Los Angeles, CA",$4.479
CHEVRON #309093                                             ,ExtraMile                     ,"6320 HOLMES AVE, Los Angeles, CA",$4.499
MAYWOOD SHELL                                               ,Shell                         ,"5645 ATLANTIC BLVD, Maywood                                 , CA",$4.509
WASHINGTON MOBIL                                            ,Mobil                         ,"1690 S ALAMEDA ST, Los Angeles, CA",$4.599
SHELL SERVICE STATION                                       ,Shell                         ,"1285 E VERNON AVE, Los Angeles                             , CA",$4.599
VERNON TRUCK WASH                                           ,Unbranded                     ,"3308 BANDINI BLVD, Los Angeles                             , CA",
ARCO                                             ,ARCO                          ,"3031 E VERNON AVE, Los Angeles                             , CA",
ARCO                                             ,ARCO                          ,"3278 E SLAUSON AVE, Los Angeles                             , CA",
SPEEDY FUEL                                                 ,Unbranded                     ,"1492 S LORENA ST, Los Angeles                             , CA",
SPEEDYS FUEL                                                ,Unbranded                     ,"2432 S INDIANA ST, Los Angeles                             , CA",
ARCO                                                        ,ARCO                          ,"2740 E OLYMPIC BLVD, Los Angeles, CA",
ARCO                                             ,ARCO                          ,"6400 SANTA FE AVE, Huntington Park                         , CA",
ARCO                                                        ,ARCO                          ,"3949 DENNISON ST, Los Angeles, CA",
ARCO                                             ,ARCO                          ,"3401 WHITTIER BLVD, Los Angeles, CA",
COMMERCE TRUCK STOP                                         ,Unbranded                     ,"4560 E WASHINGTON BLVD, Los Angeles                             , CA",
Arco,ARCO                          ,"4700 E SLAUSON AVE, Maywood                                 , CA",
7 BAY FUEL STATION,Unbranded                     ,"930 S SANTA FE AVE, Los Angeles, CA",
WORLD OIL #13                                               ,World Oil                     ,"1935 E FLORENCE AVE, Los Angeles, CA",
